username,email,password
bwilliams,kday@example.org,3FXIeN0Qtj
keith93,marycarter@example.org,qo9vKPGqxT
tommyprice,deborah05@example.net,f0JOfgxLTD
amy94,tristan95@example.com,ukbmdqGERv
benjamin30,lisa03@example.org,RNcHMtz99a
brandon34,briansanders@example.com,P8AICwPsQ3
wilkinsondonald,ortizdavid@example.org,WIfnCbZeS3
operez,ocooper@example.net,kc13H3XlJn
cheryl34,danielcochran@example.net,uGyxEroZXs
james67,annnewman@example.com,4yiW03qW0s
reginaldmccoy,kristin53@example.net,mxKFCg22nv
jesse21,nathan72@example.net,BHDSLNNdHL
drivers,johnsoneric@example.com,8Mi7Wh4O9q
antonio89,davidnewman@example.org,eimLv5ZIJp
donnaestrada,nicholsamy@example.com,CI589aEvMw
bryanlaurie,michael65@example.com,Q3RbS8J2Pf
nwilliams,ocampbell@example.com,sAD0RJK9XW
alexander42,sherrioconnor@example.com,EJTuGYavi8
pamela80,rileybrittany@example.net,le0eZTMjmH
nortoncody,scottbailey@example.org,6xKn9tek6b
melissayoung,joshuasalinas@example.com,BuHSGAAT8u
carolyn20,stephensmith@example.net,AOZ8AiWZCn
portergregory,allisonowens@example.com,Dr8U3BtGsB
ajackson,alexsampson@example.com,i5AUrWSVh0
marymorrison,smithmatthew@example.com,IdpOvcEFTq
santanatimothy,aaron40@example.org,g6mW4GGnim
joseph48,brendahenderson@example.com,DOK1bQUoNY
vacosta,wesleywilson@example.org,AnglnwaEOQ
allenmark,caitlynflores@example.org,10154LFCcV
chadpierce,houserodney@example.net,p8LXwcJgNk
kimberlybrown,christinawatkins@example.org,UOPUHM4p8I
uwatson,xdodson@example.net,QMO7nnIPA9
thomastimothy,wcox@example.org,ZKfdZdLlMv
mandywilliams,lanceoconnor@example.net,gUTQz9wF14
peterdiaz,richardstrong@example.org,1kK54uPcvX
joshuamitchell,hendersonmichelle@example.net,9RXwkcxOhh
hhernandez,michelle36@example.org,KJIKG75AUh
qnavarro,ohernandez@example.com,mjcaUN2DSH
brianhouston,charlessarah@example.net,ZqR9nNQNHG
robert65,tami17@example.org,AQ2tcUi3SL
taylor99,janicecervantes@example.net,SGEISCdh9t
tphillips,nathaniel84@example.org,yDUQjRyN5l
sean52,sheilahensley@example.org,Pm6mY0xXbw
christopher55,busheric@example.org,yclrYpWsWp
jessica98,thomaschavez@example.org,299ug3KH5v
qolson,barbarahamilton@example.org,wD9ikvLrN5
kelsey24,xgarcia@example.net,EdX4HEzkFW
swansonsara,samuelchandler@example.net,94zrgJbFz1
colebailey,rodriguezfrancis@example.com,pk94RlJLZl
deannarichardson,masonsamuel@example.com,yUKrJLdYEc
baileyaaron,wardchristina@example.com,Fvc2yr5mMN
amy36,gary26@example.net,eXrPrYKBQp
stephanieholmes,jonesjulia@example.org,CkzTKP64Bt
christopher18,davissteve@example.com,4JlJXqiEa0
adamhenry,caleb99@example.com,p0chxAZKfv
ojimenez,timothy58@example.com,szAhTwCrJt
ffox,jenniferthompson@example.org,oqCJUchbTt
jameslori,richard97@example.net,Xt4iGhZ2GR
elizabeth78,kwilliams@example.org,pTb5fk2AFQ
jessicabrowning,leonard80@example.net,q3QJKnQZDj
browntammy,underwoodomar@example.net,NO99D5nCaB
fkennedy,david80@example.net,DsBYSUkj0h
jennifer73,stacey72@example.net,8NaJzSxoeQ
tbarnes,jenniferrogers@example.org,Y8bgjMTaYm
prestondustin,william22@example.com,p6hQ0lQU0T
gilldonald,jessicabennett@example.org,rIgSU5RG7E
hansonjeffery,ramirezryan@example.net,MFnLU5liMu
qsteele,hernandeztyler@example.com,r8cQZhdgVo
rhodespatricia,jenniferrhodes@example.org,1SuM6mpDTE
christopherfreeman,warrenfrazier@example.net,HtXtN6SQzY
shawn36,justinrichards@example.org,AKxDQV4BCM
robertgreen,mark16@example.net,BpLYyxNgWg
briangoodman,melissa06@example.net,Lokael7TOS
gbrown,kberger@example.org,KH7CZJgAds
patriciajordan,tuckertina@example.net,6qJdkaXgfa
gwells,robert31@example.com,DziuFQNEaS
dustin18,perkinsmolly@example.com,B7UYCK9eqJ
kevinfreeman,aprilreynolds@example.com,anzwY42w4I
wheelerheidi,esoto@example.org,Or3n2nA4BR
donovandaniel,kevinnovak@example.net,IAMqvOYSSf
william49,jonesjessica@example.net,GDzD1FJLZY
jackson61,karen57@example.com,4NoixT7U3c
brandonthompson,qglenn@example.net,oDLzGrtZcp
richardbrown,ashley68@example.com,Rjjoc8mJ9Z
roblesmatthew,amy58@example.org,YlwQ50PpMR
gibsonmark,katrinanelson@example.org,IqGU0mIesx
tracie28,danielburton@example.net,CphBXmeXTV
kristen81,taylor39@example.org,SBtCTmEYvH
tcruz,brandi19@example.org,3r7oioiAEI
matthewbennett,david40@example.com,qytOoubiXV
angelamorrison,trevor14@example.com,KMTmZVHkwF
jonesjennifer,gloriavelasquez@example.net,JGwVHuuFUK
rossmichelle,melanie82@example.com,fYOhJjS2s7
gferguson,carrierobbins@example.net,lAcWrM0uBK
oallen,kaylaalvarez@example.org,TS8Znqaxiv
tanner05,darrelljackson@example.com,TjWJS867dA
tracy41,meaton@example.org,R2S0smNf7X
uschroeder,adam35@example.org,35mKrzGZRQ
hollandmelanie,mtaylor@example.net,x2ttENhqve
andrearasmussen,vmiller@example.net,zhUDc4FbBy
,check101@example.com,0XorQ5HMhh
